nama;income_user;asset;asset_total;debt;address;RT;RW;zip_code;road_type;location_criminality;IP_address;address_suitability;type_of_business;industry_business_name;business_identification_number_industry;last_credit_history;other_credit_history 1;other_credit_history 2;other_credit_history 3;worst_credit_perfomance;credit_purpose;type_of_product;amount_of_money_spent;transaction_purpose;type_of_product_purchased;credit_scoring;hardware_used;operating_system_type;used_browser;payment_method;user_behavior;last_credit_user;last_user_behavior_status;last_user_behavior_recorded_date;Last 12 Months Credit Performance;last_12_months_cost_of_collection;last_ SLIK_accessed_date;last_ SLIK_RECORD_performance;last_ SLIK_RECORD_type_of_credit;last_credit_survey_process;speed_of_credit_process;credit_scoring;credit_purpose;loan_to_value;tenor;ticket_size;besar_angsuran_pokok;besar_angsuran_pokok_dan_bunga;last_contact_with_reply_or_mee_ in_days;means_of_communication;still_have_existing_credit;last_payment_type;last_payment_time;business_prospects;business_threat;key_person_ID_existence;existency_badan_usaha;all_document_validity;falsification_of_signature_data_letter numbers;address_match;suitability_of_the_size_of_the _company_with_transaction_value;suitability_of_the_company_credit_type_with_ company_prospects;company_reputation_crawl_results;caller_ID_name_on_the_core_of_company;number_of_company_related_articles_on_google;character_of_the_owner_key_figures_in_media;target
Samsul Wibowo;0;1 motor;103023000;56000000;Apartemen Taman Kemayoran Condominium;13;6;10630;2;2;192.29.2.9;1;usaha_menengah;Kelontong (Bukan Departemen Store);47192;lancar;lancar;lancar;lancar;lancar;modal kerja;baru;15000000;0;Iphone 12 pro max;1;Iphone 5S;1;3;2;Bad;1;lancar;1/19/2023;1.23E+11;750000;1/31/2023;macet,macet,macet,macet,macet;7;6;1;1;1;1.16;6;120000000;23295768.91;27489007.31;90;0;lunas;2;88;medium;low;real;real;valid;tidak ada;sangat sesuai;sangat sesuai;sangat sesuai;baik;tidak terdeteksi penjulukan nama;cukup banyak;sangat terpercaya;6
R. Latika Narpati;0;2 motor;100756500;84550000;Jl Sumur Batu Raya 13;2;8;10150;1;1;192.56.3.10;0;usaha_menengah;Eceran (Beras);47241;lancar;lancar;lancar;lancar;lancar;modal kerja;baru;12000000;0;luxury bag;1;Vivo;0;1;2;Bad;1;lancar;1/20/2023;1.23E+11;775000;2/1/2023;macet,kurang 5,macet;1;6;1;1;2;1.19;6;120000000;23819803.19;28107367.76;90;0;lunas;2;89;medium;medium;real;real;valid;tidak ada;sangat sesuai;sangat sesuai;sangat sesuai;sangat baik;tidak terdeteksi penjulukan nama;banyak;cukup terpercaya;6
Karimah Tarihoran;0;1 mobil;1214771000;130000000;Jl Kemang Tmr Kompl Ayetko 6;3;7;12510;1;2;165.56.3.11;0;usaha_menengah;Perdagangan Eceran Ikan Hias;47753;lancar;lancar;kurang lancar;lancar;lancar;modal kerja;baru;13500000;2;leptop;1;Iphone 8 pro;1;0;2;Bad;1;lancar;1/21/2023;1.22E+11;750000;2/4/2023;macet,macet , macet,kurang 5;3;6;1;1;5;1.19;34;1450000000;50905261.4;60068208.45;90;4;tidak pernah;2;89;medium;medium;real;real;valid;tidak ada;sangat sesuai;sangat sesuai;sangat sesuai;baik;tidak terdeteksi penjulukan nama;cukup banyak;cukup terpercaya;6
Ganjaran Samosir, S.E.;0;1 rumah , 1 motor;828766000;904000000;Jl Raden Saleh Raya 4;11;64;10430;2;1;192.56.3.12;0;usaha_besar;Perdagangan Material Bangunan;46638;lancar;kurang lancar;lancar;dalam perhatian khusus;dalam perhatian khusus;modal kerja;baru;100000000;2;motor,leptop;1;Acer Aspire 3 ;3;0;2;Bad;1;lancar;1/22/2023;1.22E+11;700000;2/21/2023;macet,macet,macet,macet;7;6;1;1;3;1.15;20;950000000;54448420.91;64249136.67;90;4;lunas;2;86;high;high;real;not real;valid;tidak ada;cukup sesuai;cukup sesuai;sangat sesuai;baik;tidak terdeteksi penjulkkan nama;tidak banyak;cukup terpercaya;6
Jaiman Sitompul, S.T.;2;1 rumah , surat berharga;923053000;800487000;Jl Pasir Wangi Raya 20;6;5;90234;1;2;177.82.122.234;0;usaha_menengah;Praktik Dokter Gigi;86023;lancar;lancar;kurang lancar;dalam perhatian khusus;dalam perhatian khusus;modal usaha;baru;20500000;6;renovasi;1;LAPTOP ACER ASPIRE ES 14;3;0;2;Bad;1;lancar;1/23/2023;1.22E+11;675000;2/10/2023;macet,macet,macet,macet;7;6;1;1;3;1.19;30;1100000000;43695576.89;51560780.73;90;4;sedang berjalan;2;87;high;medium;some problem exist;some problem exist;unreadable;ada;cukup sesuai;cukup sesuai;sangat sesuai;cukup baik;tidak terdeteksi penjulukkan nama;tidak banyak;kurang terpercaya;6
R. Janet Zulaika;0;1 motor, 1 rumah;763560000;545000000;Jl HR Rasuna Said Kav B-1 Wisma Bakrie Lt 6, Dki Jakarta;43;90;94114;2;2;206.191.35.118;0;usaha_menengah;Rumah atau Warung Makan;56102;lancar;lancar;lancar;lancar;lancar;modal kerja;baru;50500000;1;obligasi, saham;1;Acer Aspire 3 ;4;2;2;Bad;1;lancar;1/24/2023;1.23E+11;725000;1/19/2023;macet,macet,macet,tidak 5;4;6;1;1;2;1.18;40;900000000;26520509.19;31294200.85;90;4;sedang berjalan;2;90;medium;low;real;real;valid;tidak ada;sangat sesuai;sangat sesuai;sangat sesuai;baik;tidak terdeteksi penjulukkan nama;tidak banyak;cukup terpercaya;6
Amelia Mahendra;1;1 rumah , 1 motor , surat berharga;1923756000;740300000;Psr Pagi I/50-A,;44;6;11230;0;2;200.133.173.56;0;usaha_besar;Perdagangan Kertas dan Karton;46694;lancar;lancar;lancar;lancar;lancar;ekspansi bisnis;baru;80000000;6;sewa lahan , renovasi;1;Samsung A30;0;5;2;Bad;1;lancar;1/25/2023;1.23E+11;750000;2/6/2023;macet,macet,macet,macet;2;6;1;1;4;1.2;30;2300000000;91660966.01;108159939.9;90;0;lunas;2;90;medium;medium;real;real;unreadable;ada;cukup sesuai;cukup sesuai;sangat sesuai;baik;tidak terdeteksi penjukkan nama;cukup banyak;cukup terpercaya;6
Langgeng Susanti;1;1 rumah, surat berharga;1523756000;800000000;Jl Jend Gatot Subroto 2 Lippo Center;45;7;12950;2;1;151.56.169.224;0;usaha_kecil;Pusat Penjualan Kue dan Pastry;46332;kurang lancar;lancar;macet;macet;macet;modal kerja;baru;10000000;4;bayar listrik , belanja bulanan;1;Samsung A50;0;1;4;Bad;1;dalam perhatian khusus;1/26/2023;1.23E+11;775000;2/24/2023;tidak 5,macet,macet,macet;7;6;1;1;3;1.2;14;1830000000;156985201.6;185242537.9;90;0;sedang berjalan;2;90;medium;medium;undetected;undetected;not include;tidak ada;cukup sesuai;cukup sesuai;tidak sesuai;cukup baik;terdeteksi penjulukkan nama;tidak banyak;cukup terpercaya;6
H. Niyaga Ramadan;1;1 rumah , 1 mobil , surat berharga;1026750000;567000000;Jl Percetakan Negara VI/7;39;8;10570;1;2;1.201.104.56;1;usaha_kecil;Perdagangan Eceran Video Game;47412;lancar;macet;lancar;lancar;lancar;modal_usaha;baru;5000000;0;kebutuhan pokok makanan;1;Iphone 9 pro ;1;0;2;Bad;1;dalam perhatian khusus;1/27/2023;1.23E+11;725000;2/8/2023;macet,macet,macet,tidak 5;3;6;1;1;3;1.17;50;1200000000;28049671.29;33098612.13;90;0;lunas;2;86;medium;high;some problem exist;not real;not include;tidak ada;cukup sesuai;cukup sesuai;sangat sesuai;baik;terdeteksi penjulukkan nama;tidak banyak;cukup terpercaya;6
Upik Uyainah;1;1 rumah , 1 mobil ;1220550000;785550000;Kompl Depdikbud Bl B II/14,;47;9;12510;1;1;160.13.241.134;0;usaha_kecil;Perdagangan Eceran Barang dan Obat Farmasi di Apotik;47721;dalam perhatian khusus;lancar;macet;dalam perhatian khusus;macet;biaya operasional;bekas;100000000;1;obligasi, saham;1;macBook Pro;2;0;2;Bad;1;dalam perhatian khusus;1/28/2023;1.23E+11;750000;2/28/2023;macet,macet,tidak 5,macet;7;6;1;1;3;1.15;34;1400000000;47230395.17;55731866.3;90;0;sedang berjalan;2;90;low;low;some problem exist;some problem exist;unreadable;ada;sangat sesuai;tidak sesuai;cukup sesuai;cukup baik;terdeteksi penjulukkan nama;tidak banyak;kurang terpercaya;6
Ega Mansur;1;1 rumah , surat berharga;1540750000;950070000;Jl Raya Srengseng 109;12;10;11630;2;2;192.7.22.243;1;usaha_menengah;Perdagangan Eceran Alat Telekomunikasi;47414;lancar;lancar;kurang lancar;lancar;lancar;modal_usaha;baru;30000000;2;motor,leptop;1;vivo Y11;0;0;2;Bad;1;lancar;1/29/2023;1.22E+11;700000;2/10/2023;tidak 5,macet,macet,macet;1;6;1;1;2;1.17;40;1800000000;52571799.45;62034723.35;90;0;sedang berjalan;2;90;medium;medium;real;real;unreadable;tidak ada;cukup sesuai;cukup sesuai;sangat sesuai;baik;tidak terdeteksi penjulukkan nama;tidak banyak;sangat terpercaya;6
Laila Salahudin;1;1 rumah , 1 mobil , surat berharga;1123556000;780575000;Jl KH Mas Mansyur 9 F;32;11;10240;0;2;134.71.65.205;0;usaha_besar;Perdagangan Eceran Gas Elpiji;47772;lancar;lancar;lancar;lancar;lancar;ekspansi bisnis;baru;200000000;6;perluas lahan;1;OPPO A31;0;3;2;Bad;1;lancar;1/30/2023;1.23E+11;750000;2/19/2023;macet,tidak 5,macet,macet;1;6;1;1;2;1.16;10;1300000000;150415288.6;177490040.5;90;4;lunas;2;89;low;medium;real;real;valid;tidak ada;sangat sesuai;sangat sesuai;cukup sesuai;sangat baik;tidak terdeteksi penjulukkan nama;cukup banyak;cukup terpercaya;6
Rahmi Samosir;1; 1 mobil , surat berharga;840350000;500350000;Jl Prof Dr Latumenten 20 A;50;12;11330;1;1;57.51.162.128;0;usaha_kecil;Perdagangan Eceran Perlengkapan Menjahit;47513;lancar;lancar;lancar;lancar;lancar;modal_usaha;baru;30000000;5;luxury bag;1;iphone 6 S;1;3;2;Bad;1;lancar;2/1/2023;1.23E+11;700000;2/12/2023;macet,macet,macet,macet;7;6;1;1;3;1.19;12;1000000000;99165030.44;117014735.9;90;4;lunas;2;90;medium;medium;real;not real;valid;tidak ada;sangat sesuai;sangat sesuai;sangat sesuai;sangat baik;tidak terdeteksi penjulukkan nama;tidak banyak;sangat terpercaya;6
Hasna Hartati;1;1 motor, surat berharga;700350000;450405000;Jl Cempaka Putih Permai Bl D/7;11;13;10510;0;2;181.71.255.58;1;usaha_kecil;Perdagangan Eceran Perlengkapan Dapur Dari Batu atau Tanah Liat;47594;lancar;macet;lancar;lancar;lancar;modal_kerja;baru;20000000;4;kasur king size;1;Infinix Inbook X2;4;4;2;Bad;1;lancar;2/2/2023;1.33E+11;700000;2/18/2023;tidak 5,macet,macet,macet;3;6;1;1;3;1.14;12;800000000;76152399.99;89859831.99;90;4;lunas;2;89;medium;medium;not real;real;valid;tidak ada;sangat sesuai;sangat sesuai;sangat sesuai;cukup baik;tidak terdeteksi penjulukkan nama;tidak banyak;cukup terpercaya;6
Cemplunk Suwarno, S.Farm;1;1 motor, surat berharga;740470000;560200000;Jl Roa Malaka Slt 28/10;1;14;11230;0;2;20.171.231.161;0;usaha_besar;Pencucian dan Salon Mobil;45202;lancar;lancar;kurang lancar;lancar;lancar;modal_kerja;baru;60000000;2;leptop, handphone , motor;1;Redmibook 15;4;0;2;Bad;1;lancar;2/3/2023;1.32E+11;700000;2/14/2023;macet,macet,macet,tidak 5;6;6;1;1;1;1.15;34;850000000;28697989.12;33863627.16;90;4;lunas;2;90;high;medium;real;real;valid;tidak ada;cukup sesuai;cukup sesuai;sangat sesuai;baik;tidak terdeteksi penjulukkan nama;cukup banyak;sangat terpercaya;6
Jarwadi Lestari;0;surat berharga, 1 rumah;1250300000;579350000;Jl Jend Sudirman Kav 3-4 Wisma Kyoei Prince Lt 14 Suite;54;15;10220;2;2;93.95.9.76;0;usaha_besar;Perdagangan Eceran Pencetakkan dan Penerbitan;47612;dalam perhatian khusus;lancar;lancar;lancar;lancar;modal_usaha;baru;100000000;6;renovasi bangunan;2;Samsung A51s;0;1;2;Bad;1;lancar;2/4/2023;1.22E+11;600000;3/1/2023;tidak 5,tidak 5,macet,macet;7;5;1;2;0;0.96;20;1200000000;57586179.32;67951691.59;70;0;lunas;5;63;high;high;real;not real;valid;tidak ada;sangat sesuai;sangat sesuai;cukup sesuai;cukup baik;tidak terdeteksi penjulukkan nama;cukup banyak;sangat terpercaya;5
Dr. Kartika Anggriawan;1;surat berharga, 1 rumah;1430450000;675000000;Jl Kedoya Akasia VII Bl B-9/8;12;16;11520;2;1;123.109.196.119;1;usaha_menengah;Perdagangan Eceran Kosmetik;47724;lancar;lancar;lancar;lancar;lancar;modal_kerja;baru;30000000;1;reksa dana;2;Oppo A51;0;4;5;Bad;1;lancar;2/5/2023;1.12E+11;575000;3/5/2023;tidak 5,macet,macet,tidak 5;7;5;1;2;4;0.94;30;1350000000;42469153.06;50113600.62;80;4;lunas;5;68;high;high;real;real;unreadable;ada;cukup sesuai;sangat sesuai;cukup sesuai;baik;terdeteksi penjulukkan nama;cukup banyak;kurang terpercaya;5
Zulfa Tarihoran;0;surat berharga, 1 mobil;1554500000;750675000;Jl Katedral 5 Ged Karya Sosial;55;17;10710;2;1;79.125.250.214;0;usaha_menengah;Perdagangan Eceran Kosmetik Untuk Hewan;47720;lancar;lancar;kurang lancar;lancar;dalam perhatian khusus;modal_kerja;baru;14000000;0;makanan,baju,hp;2;Xioame note 11 Lite;0;0;2;Bad;1;dalam perhatian khusus;2/6/2023;1.22E+11;625000;3/3/2023;macet,tidak 5,tidak 5,macet;2;5;2;2;3;0.96;40;1500000000;36185268.58;42698616.92;85;0;sedang berjalan;5;65;low;low;real;not real;valid;tidak ada;cukup sesuai;cukup sesuai;sangat sesuai;sangat baik;tidak terdeteksi penjulukkan nama;cukup banyak;sangat terpercaya;5
Vanya Wibisono;1;surat berharga, rumah;1403750000;800000000;Jl Cipinang Baru I 6;26;18;13240;1;1;207.236.238.99;1;usaha_menengah;Perdagangan Eceran Alat Fotografi;47731;lancar;lancar;lancar;lancar;lancar;modal_usaha;baru;60000000;2;leptop, handphone , motor;1;Xiaomi Mi 10 Lite;0;0;2;Bad;1;lancar;2/7/2023;1.22E+11;650000;3/3/2023;macet,tidak 5,tidak 5,macet;7;6;2;1;3;0.9;37;1270000000;31053885.59;36643584.99;83;0;lunas;5;70;high;medium;real;real;valid;tidak ada;sangat sesuai;sangat sesuai;sangat sesuai;baik;tidak terdeteksi penjulkkan nama;cukup banyak;cukup terpercaya;5
Edi Widiastuti;0;1 mobil , 1 motor, surat berharga;1354500000;650150000;Jl Mampang Prapatan Raya 1;34;19;12740;1;1;115.20.27.251;1;usaha_besar;Perdagangan Perhiasan dan Jam;46494;lancar;lancar;lancar;lancar;lancar;inventaris;baru;10000000;1;reksa dana;1;Asus Vivobook;3;2;5;Bad;1;lancar;2/8/2023;1.32E+11;625000;3/5/2023;macet,macet,tidak 5,tidak 5;7;5;1;1;0;0.98;28;1334000000;46921795.07;55367718.19;75;0;lunas;2;60;high;medium;real;not real;valid;tidak ada;cukup sesuai;sangat sesuai;sangat sesuai;sangat baik;tidak terdeteksi penjulkkan nama;sangat banyak;sangat terpercaya;5
Talia Marbun;1;1 mobil, 1 motor , 1 rumah;1654500000;1098070000;Jl Krekot Jaya Bl A2/22;2;3;10710;0;1;202.168.56.8;0;usaha_besar;Perdagangan Alat Tulis dan Gambar;46421;lancar;kurang lancar;dalam perhatian khusus;lancar;dalam perhatian khusus;modal_kerja;baru;15000000;3;stock barang pokok;2;Vivo Y02;0;1;2;Bad;1;dalam perhatian khusus;2/9/2023;1.23E+11;750000;3/6/2023;macet,tidak 5,macet,tidak 5;7;5;2;2;3;0.93;60;1534000000;23704603.61;27971432.26;78;4;sedang berjalan;5;65;high;high;real;real;valid;tidak ada;sangat sesuai;cukup sesuai;sangat sesuai;sangat baik;tidak terdeteksi penjulkkan nama;sangat banyak;sangat terpercaya;5
drg. Martani Astuti;2;1 rumah, surat berharga;1355600000;607900000; Jl Pelepah Indah I Bl LB-4/26;3;4;14241;2;1;142.47.180.174;1;usaha_besar;Perdagangan Sepeda Motor Baru;45401;lancar;lancar;kurang lancar;lancar;lancar;ekspansi bisnis;baru;50000000;6;renovasi bangunan;2;Samsung A01;0;1;2;Bad;1;dalam perhatian khusus;2/10/2023;1.22E+11;675000;3/7/2023;tidak 5,macet,tidak 5,macet;3;5;2;2;3;0.98;60;1330000000;21748057.44;25662707.78;73;4;sedang berjalan;5;70;medium;high;some problem exist;not real;unreadable;ada;tidak sesuai;cukup sesuai;tidak sesuai;tidak baik;tidak terdeteksi penjulukkan nama;sangat banyak;cukup terpercaya;5
Halima Sirait;1;surat berharga, 1 rumah;1284700000;575000000;Jl Industri Ringan 38;7;5;13430;1;2;190.166.23.85;1;usaha_kecil;Perdagangan Eceran Barang Kerajinan Dari Logam;47783;diragukan;kurang lancar;kurang lancar;dalam perhatian khusus;macet;modal_kerja;baru;150000000;2;mesin print,meja,kursi,motor;1;Xiaomi Mi 8;0;0;5;Bad;1;kurang lancar;2/11/2023;1.32E+11;675000;1/3/2023;tidak 5,tidak 5,macet,macet;4;6;1;1;5;0.96;50;1230000000;23552580.37;27792044.84;79;0;tidak pernah;5;70;low;medium;undetected;undetected;not include;tidak ada;cukup sesuai;cukup sesuai;cukup sesuai;tidak baik;terdeteksi penjulukkan nama;cukup banyak;kurang terpercaya;5
Hilda Samosir;2;surat berharga, 1 rumah;1250300000;689635000;Jl Nipah Raya 25;5;6;12170;1;1;145.193.153.76;1;usaha_kecil;Perdagangan Eceran Buah-Buahan (Toko Buah);47212;kurang lancar;lancar;kurang lancar;dalam perhatian khusus;dalam perhatian khusus;ekspansi bisnis;baru;13000000;1;obligasi, saham;2;Lenovo Ideapad;4;2;2;Normal;1;macet;2/12/2023;1.33E+11;650000;1/4/2023;macet,tidak 5,tidak 5,macet;2;5;1;2;3;1;39;1250000000;32043591.59;37811438.08;77;4;sedang berjalan;2;65;low;high;some problem exist;some problem exist;unreadable;ada;tidak sesuai;tidak sesuai;tidak sesuai;baik;tidak terdeteksi penjulukkan nama;tidak banyak;cukup terpercaya;5
Hamima Novitasari;1;surat berharga, 1 rumah;1267050000;809500000;Jl Mangga Dua Raya Harco Mangga Dua Electronik Bl B-2/42;6;3;10730;0;2;88.248.125.214;0;usaha_besar;Perdagangan Eceran Komputer dan Perlengkapannya (toko komputer dan aksesoris);47411;lancar;kurang lancar;lancar;kurang lancar;lancar;ekspansi bisnis;bekas;50000000;0;jam,tas,handphone;2;Asus zenfone 1;0;2;5;Normal;1;dalam perhatian khusus;2/13/2023;1.22E+11;700000;1/5/2023;tidak 5,macet,macet,macet;7;5;1;2;4;1.05;40;1330000000;34901937.57;41184286.33;76;4;sedang berjalan;5;67;medium;low;undetected;undetected;fraud;tidak ada;sangat sesuai;cukup sesuai;sangat sesuai;baik;tidak terdeteksi penjulukkan nama;cukup banyak;cukup terpercaya;5
Zulaikha Handayani;2;surat berharga, 1 rumah;1089700000;450000000;Jl Angkasa 1 Halim Perdana Kusumah;2;4;13610;1;2;213.148.134.113;0;usaha_besar;Perdagangan Mobil Baru;45101;lancar;kurang lancar;lancar;kurang lancar;lancar;ekspansi bisnis;baru;40000000;6;perluas lahan;1;Samsung Note 8;0;1;2;Normal;1;lancar;2/14/2023;1.22E+11;625000;1/6/2023;tidak 5,macet,macet,macet;7;6;2;1;4;0.92;23;1000000000;39899294.18;47081167.13;80;0;sedang berjalan;2;71;medium;high;undetected;undetected;not include;ada;cukup sesuai;cukup sesuai;tidak sesuai;tidak baik;tidak terdeteksi penjulukkan nama;sangat banyak;cukup terpercaya;5
R.A. Devi Rajasa;1;1 rumah , 1 motor;1350030000;809000000;Jl Karang Tineung Dlm 32 A Bl 181;3;5;40162;0;0;194.188.119.52;1;usaha_besar;Perdagangan Tekstil;46411;kurang lancar;diragukan;lancar;kurang lancar;dalam perhatian khusus;modal_kerja;baru;10000000;5;luxury bag;2;Asus Zenbook;3;2;5;Normal;1;kurang lancar;2/15/2023;1.11E+11;550000;1/7/2023;tidak 5,macet,macet,tidak 5;7;5;1;2;0;1;35;1350000000;38570571.45;45513274.31;82;0;sedang berjalan;5;72;medium;low;some problem exist;some problem exist;fraud;tidak ada;cukup sesuai;sangat sesuai;cukup sesuai;tidak baik;tidak terdeteksi penjulukkan nama;cukup banyak;cukup terpercaya;5
Malik Permadi;2;1 rumah , 1 motor;1290950000;790750000;Jl Gedung Hijau I 66;7;6;12310;2;1;37.227.71.92;0;usaha_besar;Perdagangan Besar Gula, Cokelat, dan Kembang Gula;46331;diragukan;lancar;kurang lancar;dalam perhatian khusus;kurang lancar;ekspansi bisnis;baru;130000000;1;reksa dana;2;Vivo V25;0;1;2;Normal;1;lancar;2/16/2023;1.11E+11;600000;1/8/2023;tidak 5,macet,tidak 5,macet;1;5;1;2;0;1.05;50;1350000000;28235020.72;33317324.45;70;4;lunas;2;70;medium;medium;real;some problem exist;not include;tidak ada;cukup sesuai;cukup sesuai;cukup sesuai;baik;tidak terdeteksi penjulukkan nama;cukup banyak;kurang terpercaya;5
Cemani Hastuti;1;1 rumah , 1 motor;1350300000;654325000;Jl KH Wahid Hasyim 12 E;5;4;10340;0;1;49.157.114.8;0;usaha_kecil;Perdagangan Eceran Sayuran (Toko Sayur);47213;kurang lancar;lancar;kurang lancar;dalam perhatian khusus;macet;modal_kerja;baru;60000000;0;motor,leptop,hp;1;Samsung S10 Lite;0;1;2;Bad;1;dalam perhatian khusus;2/17/2023;1.32E+11;650000;1/9/2023;macet,tidak 5,tidak 5,macet;1;5;1;1;3;1;30;1350000000;44990002.22;53088202.62;71;4;lunas;2;70;high;high;undetected;undetected;not include;ada;sangat sesuai;cukup sesuai;cukup sesuai;tidak baik;tidak terdeteksi penjulukkan nama;sangat banyak;cukup terpercaya;5
Artawan Mahendra;2;1 rumah, surat berharga,1motor;1300000000;754000000;Jl Raya Bogor Km 31/7;1;6;16416;2;1;2.18.243.55;1;usaha_kecil;Perdagangan Eceran Kacamata;47733;tidak lancar;macet;tidak lancar;tidak lancar;macet;modal_usaha;baru;30000000;6;perluas lahan;2;Vivo Y22;0;1;5;Normal;1;tidak lancar;2/18/2023;1.12E+11;475000;1/10/2023;tidak 5,tidak 5,tidak 5,macet;7;4;2;2;1;0.83;30;1075000000;29631410.26;34965064.1;50;0;lunas;2;60;medium;high;some problem exist;undetected;unreadable;ada;sangat sesuai;cukup sesuai;cukup sesuai;tidak baik;tidak terdeteksi penjulukkan nama;sangat banyak;cukup terpercaya;4
Dr. Ilyas Pratiwi;1;1 rumah, surat berharga,1mobil;1750000000;854000000;Jl Cipete V 17 A-B Cipete Selatan;3;2;12410;1;0;175.51.122.95;1;usaha_menengah;Perdagangan Eceran Barang Antik;47746;kurang lancar;tidak lancar;macet;tidak lancar;tidak lancar;ekspansi bisnis;bekas;13000000;0;hanphone;2;Oppo Reno 6;0;1;5;Bad;1;tidak lancar;2/19/2023;1.11E+11;525000;1/11/2023;tidak 5,tidak 5,tidak 5,tidak 5;7;4;2;2;3;0.86;30;1500000000;42857142.86;50571428.57;55;0;sedang berjalan;2;49;medium;low;real;some problem exist;expired;ada;sangat sesuai;tidak sesuai;cukup sesuai;baik;tidak terdeteksi penjulukkan nama;tidak banyak;kurang terpercaya;4
Naradi Pratiwi;1;1rumah, surat berharga,2motor;1550000000;84500000;Jl Lontar Raya 12/14;3;7;11470;1;1;166.134.164.2;1;usaha_menengah;Perdagangan Eceran Hewan Ternak;47752;diragukan;kurang lancar;tidak lancar;macet;lancar;ekspansi bisnis;baru;60000000;1;obligasi, saham;2;Samsung A21;0;1;5;Normal;1;tidak lancar;2/20/2023;1.11E+11;525000;1/12/2023;macet,tidak 5,tidak 5,tidak 5;2;4;2;2;3;0.84;40;1300000000;27258064.52;32164516.13;53;0;lunas;5;50;high;high;not real;undetected;not include;ada;cukup sesuai;cukup sesuai;cukup sesuai;baik;tidak terdeteksi penjulukkan nama;cukup banyak;kurang terpercaya;4
dr. Raina Waluyo, M.Farm;1;1 rumah, surat berharga,1 motor,1 mobil;1975000000;1234500000;Jl Jembatan Genit Gg Semut 12;4;4;11710;0;1;106.131.109.6;0;usaha_besar;Perdagangan Besar Alat Olahraga;46492;tidak lancar;tidak lancar;tidak lancar;macet;kurang lancar;modal kerja;bekas;15000000;1;reksa dana;2;MSI Prestige;3;2;5;Normal;1;kurang lancar;2/21/2023;1.23E+11;575000;1/13/2023;tidak 5,macet,tidak 5,tidak 5;2;4;2;2;3;0.81;45;1600000000;28804500.7;33989310.83;56;4;sedang berjalan;5;55;medium;low;some problem exist;undetected;fraud;ada;tidak sesuai;cukup sesuai;cukup sesuai;cukup baik;terdeteksi penjulukkan nama;sangat banyak;cukup terpercaya;4
Kemba Widodo;1;1 rumah, surat berharga;1500000000;1025000000;Jl Buni 24-26;2;5;11180;2;0;106.130.8.95;0;usaha_kecil;Perdagangan Eceran Florist;47761;diragukan;lancar;lancar;kurang lancar;kurang lancar;ekspansi bisnis;baru;12000000;5;hanphone;2;Acer Aspire 5;4;2;2;Bad;1;tidak lancar;2/22/2023;1.11E+11;550000;1/14/2023;tidak 5,tidak 5,tidak 5,tidak 5;7;4;2;2;5;0.87;38;1300000000;29649122.81;34985964.91;58;4;sedang berjalan;5;56;medium;medium;real;real;unreadable;ada;sangat sesuai;cukup sesuai;cukup sesuai;tidak baik;tidak terdeteksi penjulukkan nama;sangat banyak;cukup terpercaya;4
H. Utama Hariyah;2;1 rumah, surat berharga;1650000000;975000000;Jl Letjen Suprapto;1;6;10510;1;1;143.228.182.117;0;usaha_kecil;Perdagangan Eceran Hasil Perikanan;47215;tidak lancar;tidak lancar;tidak lancar;kurang lancar;macet;modal kerja;baru;10000000;6;renovasi bangunan;2;Asus TUF;3;2;5;Normal;1;kurang lancar;2/23/2023;1.11E+11;425000;1/15/2023;tidak 5,tidak 5,macet,tidak 5;7;5;1;2;5;0.85;38;1400000000;31259968.1;36886762.36;60;4;lunas;5;59;low;medium;not real;not real;not include;ada;tidak sesuai;tidak sesuai;sangat sesuai;cukup baik;terdeteksi penjulukkan nama;tidak banyak;kurang terpercaya;4
Raina Marpaung;2;1 rumah, surat berharga;1550000000;1040000000;l Agung Niaga V Bl G-5/27;2;1;14350;1;0;157.113.142.110;1;usaha_kecil;Perdagangan Eceran Minyak Tanah;47771;lancar;kurang lancar;kurang lancar;lancar;lancar;ekspansi bisnis;baru;17000000;2;leptop,kursi,meja;2;Samsung A52;0;1;5;Normal;1;lancar;2/24/2023;1.22E+11;425000;1/16/2023;tidak 5,macet,tidak 5,tidak 5;7;5;2;2;0;0.84;40;1300000000;27258064.52;32164516.13;49;0;lunas;2;49;medium;medium;not real;real;fraud;ada;tidak sesuai;cukup sesuai;cukup sesuai;baik;terdeteksi penjulukkan nama;cukup banyak;cukup terpercaya;4
Maryadi Melani;1;1 rumah, surat berharga,1motor;1640000000;955500000;Jl Tmn Buaran Indah 1 Bl B/183;3;4;13470;1;0;136.103.150.140;0;usaha_menengah;Perdagangan Eceran Hasil Peternakan;47214;kurang lancar;tidak lancar;dalam perhatian khusus;macet;macet;ekspansi bisnis;bekas;45000000;6;motor;2;Asus Zenfone 6;0;1;5;Bad;1;macet;2/25/2023;1.12E+11;450000;1/17/2023;tidak 5,tidak 5,tidak 5,macet;3;5;1;2;5;0.85;40;1400000000;29878048.78;35256097.56;50;0;sedang berjalan;5;60;high;high;some problem exist;not real;expired;ada;tidak sesuai;tidak sesuai;tidak sesuai;tidak baik;terdeteksi penjulukkan nama;sangat banyak;tidak terpercaya;4
Bakiman Halimah, M.TI.;2;1 rumah, surat berharga;1375000000;890000000;Jl Mampang Prapatan 11/4 B;4;1;12790;2;1;106.13.74.17;1;usaha_kecil;Perdagangan Eceran Lukisan;47785;lancar;kurang lancar;tidak lancar;macet;lancar;modal_kerja;baru;13000000;2;meja,kursi;2;Asus X552XZ;3;2;2;Bad;1;dalam perhatian khusus;2/26/2023;1.12E+11;475000;1/18/2023;macet,tidak 5,tidak 5,tidak 5;3;5;2;2;4;0.87;40;1200000000;26181818.18;30894545.45;52;0;tidak pernah;5;50;medium;low;undetected;undetected;fraud;tidak ada;sangat sesuai;cukup sesuai;sangat sesuai;baik;tidak terdeteksi penjulukkan nama;cukup banyak;cukup terpercaya;4
Margana Sitorus, S.Sos;2;1 rumah, surat berharga,1motor;1705600000;1350000000;Jl KH Samanhudi Metro Atom Plaza BKS/16;2;4;10710;2;0;217.104.134.214;1;usaha_wholesale;Perdagangan Eceran Padi dan Palawijaya;47211;diragukan;kurang lancar;tidak lancar;macet;macet;ekspansi bisnis;bekas;9000000;0;baju,makanan,tas;2;Oppo A52;0;1;5;Normal;1;macet;2/27/2023;1.12E+11;550000;1/19/2023;tidak 5,macet,tidak 5,tidak 5;3;5;1;2;4;0.88;40;1500000000;32979596.62;38915924.02;56;0;sedang berjalan;2;51;low;high;not real;not real;expired;tidak ada;tidak sesuai;tidak sesuai;cukup sesuai;tidak baik;terdeteksi penjulukkan nama;cukup banyak;kurang terpercaya;4
Danu Saptono, S.T.;1;1rumah, surat berharga,2motor;1657500000;976500000;Jl Cilampe 5;3;7;15510;2;0;128.100.129.97;0;usaha_wholesale;Perdagangan Eceran Alat Pertanian;47796;lancar;kurang lancar;lancar;kurang lancar;lancar;ekspansi bisnis;baru;15000000;2;leptop;2;Vivo Y25;0;1;5;Normal;1;lancar;2/28/2023;1.11E+11;575000;1/20/2023;tidak 5,tidak 5,tidak 5,tidak 5;3;4;2;2;4;0.84;40;1400000000;29562594.27;34883861.24;53;0;sedang berjalan;2;52;high;medium;real;real;unreadable;ada;tidak sesuai;cukup sesuai;cukup sesuai;cukup baik;tidak terdeteksi penjulukkan nama;tidak banyak;kurang terpercaya;4
R.A. Vicky Rajasa;1;1 rumah, surat berharga;1479000000;975000000;Jl RC Veteran 23;2;4;12330;1;1;212.154.55.91;0;usaha_menengah;Perdagangan Eceran Minuman Beralkohol;47221;macet;diragukan;dalam perhatian khusus;dalam perhatian khusus;macet;biaya operasional;baru;10000000;3;air,listrik,kebutuhan pokok;2;Axioo ;4;2;5;Normal;1;dalam perhatian khusus;3/1/2023;1.11E+11;450000;1/21/2023;tidak 5,tidak 5,tidak 5,tidak 5;7;4;1;2;1;0.88;40;1300000000;28566599.05;33708586.88;55;4;sedang berjalan;5;53;medium;medium;undetected;some problem exist;unreadable;ada;tidak sesuai;tidak sesuai;tidak sesuai;tidak baik;terdeteksi penjulukkan nama;sangat banyak;tidak terpercaya;4
Anita Zulkarnain;2;1rumah, surat berharga,2motor;1560000000;1290000000;Psr Mobil Kemayoran Bl K/23;1;3;10610;1;1;2.34.123.209;1;usaha_menengah;Perdagangan Eceran Mesin dan Perlengkapannya;47793;kurang lancar;lancar;kurang lancar;lancar;kurang lancar;modal_kerja;baru;12000000;1;reksa dana;2;Samsung A31;0;1;2;Normal;1;kurang lancar;3/2/2023;1.11E+12;475000;1/22/2023;tidak 5,tidak 5,tidak 5,macet;7;4;2;2;1;0.83;40;1300000000;27083333.33;31958333.33;53;4;sedang berjalan;6;57;medium;medium;real;real;unreadable;ada;cukup sesuai;tidak sesuai;cukup sesuai;cukup baik;terdeteksi penjulukkan nama;cukup banyak;kurang terpercaya;4
Ciaobella Yuliarti;1;1rumah, surat berharga,2motor;1632500000;670000000;l Laks L RE Martadinata 279;2;4;15411;1;1;223.4.124.11;0;usaha_kecil;Perdagangan Eceran Kaca;47522;lancar;lancar;lancar;kurang lancar;kurang lancar;biaya operasional;bekas;23000000;1;obligasi, saham;2;Vivo X80;0;1;5;Normal;1;kurang lancar;3/3/2023;1.23E+11;550000;1/23/2023;tidak 5,macet,tidak 5,tidak 5;7;4;1;2;1;0.86;40;1400000000;30015313.94;35418070.44;55;4;lunas;6;60;low;low;real;undetected;valid;tidak ada;sangat sesuai;cukup sesuai;sangat sesuai;baik;tidak terdeteksi penjulukkan nama;tidak banyak;sangat terpercaya;4
Maria Winarno;2;1rumah, surat berharga,2motor;1500000000;450000000;Jl Mangga Besar Raya 183 Psr Jembatan Merah Bl B/202;6;1;10730;2;0;89.126.207.64;1;usaha_kecil;Perdagangan Minuman Tidak Beralkohol;47222;kurang lancar;lancar;kurang lancar;lancar;lancar;modal_usaha;baru;5000000;0;makanan,hp;0;Asus X552XZ;3;2;1;Good;0;lancar;3/4/2023;1.11E+11;250000;1/24/2023;none,none,none,none;0;0;0;0;3;0.73;25;1100000000;32266666.67;38074666.67;37;1;lunas;1;38;high;high;not real;real;valid;ada;cukup sesuai;tidak sesuai;cukup sesuai;cukup baik;tidak terdeteksi penjulukkan nama;cukup banyak;cukup terpercaya;3
KH. Gadang Aryani, S.IP;2;1rumah, surat berharga;1130000000;250000000;Jl Kapuk Muara 7 Kompl Duta Harapan Indah Bl JJ/63;7;11;14460;2;0;219.158.147.63;1;usaha_kecil;Perdagangan Eceran Perlengkapan dan Media Tanaman Hias;47764;lancar;kurang lancar;lancar;lancar;kurang lancar;modal kerja;bekas;20000000;1;reksa dana;3;Oppo A52;0;1;4;Good;1;kurang lancar;3/5/2023;1.01E+11;375000;1/25/2023;dalam perhatian khusus,5,5,dalam perhatian khusus;1;3;2;3;1;0.71;15;800000000;37758112.09;44554572.27;42;1;tidak pernah;2;37;low;high;real;real;valid;tidak ada;cukup sesuai;sangat sesuai;cukup sesuai;cukup baik;terdeteksi penjulukkan nama;cukup banyak;kurang terpercaya;3
Syahrini Kurniawan;2;1rumah, surat berharga;920000000;120000000;Jl Tmn Meruya Ilir Bl N/21;8;4;11620;2;0;178.238.85.91;0;usaha_besar;Perdagangan Eceran Barang Pecah Belah dan Perlengkapan Dapur Dari Plastik (IKEA);47593;kurang lancar;lancar;lancar;kurang lancar;kurang lancar;ekspansi bisnis;baru;15000000;5;jam,tas,handphone;0;Vivo Y25;0;1;5;Normal;0;tidak lancar;3/6/2023;1.22E+11;250000;1/26/2023;none,none,none,none;0;0;0;0;3;0.76;20;700000000;26630434.78;31423913.04;44;0;sedang berjalan;1;40;high;low;some problem exist;some problem exist;valid;tidak ada;tidak sesuai;cukup sesuai;sangat sesuai;sangat baik;tidak terdeteksi penjulukkan nama;sangat banyak;sangat terpercaya;3
Rika Wijaya;3;1rumah, surat berharga;1220000000;135000000;Jl Moch Kahfi II 21;3;5;12620;1;0;197.194.86.168;1;usaha_kecil;Perdagangan Eceran Khusus Rokok dan Tembakau;47230;lancar;kurang lancar;tidak lancar;lancar;lancar;ekspansi bisnis;baru;12000000;3;listrik,air,biaya bangunan;0;Axioo ;4;2;1;Good;0;lancar;3/7/2023;1.1E+11;225000;1/27/2023;none,none,none,none;0;0;0;0;1;0.7;30;850000000;19740437.16;23293715.85;46;0;tidak pernah;1;43;high;high;real;not real;valid;ada;tidak sesuai;cukup sesuai;cukup sesuai;baik;tidak terdeteksi penjulukkan nama;sangat banyak;cukup terpercaya;3
Puti Latika Kusmawati;2;1rumah, surat berharga;1045000000;150000000;Jl Jombang 7;4;6;15414;1;0;15.168.58.44;1;usaha_kecil;Perdagangan Eceran Peralatan Listrik Rumah Tangga dan Peralatan Penerangan dan Perlengkapannya;47592;macet;tidak lancar;kurang lancar;dalam perhatian khusus;dalam perhatian khusus;modal kerja;baru;30000000;6;renovasi bangunan;3;Axioo ;4;2;5;Normal;1;macet;3/8/2023;11220122;275000;1/28/2023;5,dalam perhatian khusus,dalam perhatian khusus,dalam perhatian khusus;1;3;2;3;3;0.75;30;780000000;19406698.56;22899904.31;40;4;sedang berjalan;2;45;low;medium;not real;not real;fraud;ada;tidak sesuai;cukup sesuai;cukup sesuai;tidak baik;terdeteksi penjulukkan nama;tidak banyak;tidak terpercaya;3
Lintang Haryanti, S.Sos;3;1rumah, surat berharga,1mobil;1570000000;125000000;Jl Pahlawan Revolusi 39;5;7;13430;0;1;204.236.131.157;0;usaha_menengah;Perdagangan Eceran Perlengkapan Rumah Tangga Dari Tekstil;47512;lancar;kurang lancar;lancar;lancar;lancar;ekspansi bisnis;baru;5000000;0;kebutuhan pokok makanan;0;Samsung A31;0;1;3;Good;0;lancar;3/9/2023;201201203;275000;1/29/2023;none,none,none,none;0;0;0;0;3;0.73;30;1150000000;28078556.26;33132696.39;46;4;tidak pernah;1;47;high;medium;real;real;fraud;ada;tidak sesuai;cukup sesuai;tidak sesuai;baik;terdeteksi penjulukkan nama;sangat banyak;cukup terpercaya;3
Wardi Utama, S.IP;2;1rumah, surat berharga,1mobil;1760000000;300000000;Jl Pasar Tanah Abang Bl B DCT 9;6;2;10250;2;0;177.82.122.234;1;usaha_wholesale;Perdagangan Eceran Mesin Pertanian dan Perlengkapannya;47791;lancar;kurang lancar;lancar;lancar;lancar;modal_kerja;baru;11000000;4;mesin cuci;0;Vivo X80;0;1;3;Good;0;lancar;3/10/2023;122312211;375000;1/30/2023;none,none,none,none;0;0;0;0;1;0.74;30;1300000000;32007575.76;37768939.39;47;0;sedang berjalan;1;42;high;high;not real;real;valid;ada;cukup sesuai;tidak sesuai;cukup sesuai;cukup baik;tidak terdeteksi penjulukkan nama;sangat banyak;cukup terpercaya;3
Jamal Prasetya;1;tabungan, 1 motor;394537824;222898847;Jl Gn Sahari Raya 60-63, Dki Jakarta;7;8;10610;2;0;216.91.41.119;1;usaha_besar;Perdagangan Eceran Khusus Alat Permainan dan Mainan Anak-anak di Toko;4764;macet;tidak lancar;tidak lancar;kurang lancar;macet;modal kerja;bekas;5896171;1;saham, obligasi;3;Samsung A31;0;1;1;Good;1;macet;3/11/2023;1.1E+11;291697;1/31/2023;5, kurang 5, diragukan, none;2;3;2;3;0;0.76;35;300000000;6517571738;7690734651;45;1;sedang berjalan;2;40;low;medium;not real;not real;unreadable;ada;tidak sesuai;cukup sesuai;cukup sesuai;tidak baik;terdeteksi penjulukkan nama;tidak banyak;kurang terpercaya;3
Cut Almira Rajata, S.Psi;1;tabungan, surat berharga, 1 motor;431361392;263269708;Jl Dewi Sartika Raya 4 C, Dki Jakarta;4;5;13630;2;0;200.215.37.28;1;usaha_menengah;Perdagangan Eceran Alat Musik;47597;dalam perhatian khusus;kurang lancar;tidak lancar;macet;macet;ekspansi bisnis;baru;6101834;4;kulkas, baju;3;Vivo X80;0;1;2;Bad;1;dalam perhatian khusus;3/12/2023;1.1E+11;316313;2/1/2023;diragukan, dalam perhatian khusus, kurang 5, none;5;3;2;3;5;0.72;40;310000000;5569575.87;6572099526;43;1;tidak pernah;1;39;medium;medium;real;some problem exist;not include;tidak ada;cukup sesuai;cukup sesuai;cukup sesuai;baik;tidak terdeteksi penjulukkan nama;cukup banyak;kurang terpercaya;3
Makara Nababan;1;surat berharga, 1 mobil;465125980;238461826; Jl Lebak Bulus I 47, Dki Jakarta;8;13;12430;1;1;206.93.99.61;0;usaha_wholesale;Perdagangan Eceran Pakaian;47717;lancar;lancar;lancar;kurang lancar;kurang lancar;modal kerja;bekas;5234496;1;saham, obligasi;3;Asus X552XZ;3;2;1;Good;1;kurang lancar;3/13/2023;1.1E+11;376443;2/2/2023;5, kurang 5, diragukan, none;2;3;2;3;0;0.75;45;350000000;5852655709;6906133737;48;4;lunas;2;47;high;medium;real;real;valid;tidak ada;cukup sesuai;cukup sesuai;sangat sesuai;baik;tidak terdeteksi penjulukkan nama;cukup banyak;cukup terpercaya;3
Diah Susanti;1;surat berharga, 1 motor;552677024;232439333;Jl Mataram I 8, Dki Jakarta;7;10;12110;1;1;1.98E+11;0;usaha_wholesale;Perdagangan Peralatan Olahraga;4763;dalam perhatian khusus;kurang lancar;tidak lancar;macet;tidak lancar;ekspansi bisnis;baru;6621628;1;saham, obligasi;0;Oppo A52;0;1;3;Good;0;dalam perhatian khusus;3/14/2023;1.1E+11;343079;2/3/2023;none,none,none,none;0;0;0;0;5;0.76;45;420000000;7092750069;8369445081;43;4;sedang berjalan;1;41;medium;medium;some problem exist;some problem exist;unreadable;ada;tidak sesuai;cukup sesuai;tidak cukup;cukup baik;tidak terdeteksi penjulukkan nama;tidak banyak;kurang terpercaya;3
KH. Galar Maheswara;4;1 rumah, 1 mobil;1100000000;950000000;Jl Melawai Raya 166 Melawai Plaza 281 Lt 1, Dki Jakarta;1;4;12160;1;0;140.14.104.26;1;usaha_wholesale;Perdagangan Tas, Dompet, Koper, Ransel, dan Sejenisnya;47714;tidak lancar;tidak lancar;tidak lancar;tidak lancar;tidak lancar;modal usaha;baru;13418939;0;perawatan wajah, baju, tas;0;Vivo Y25;0;1;3;Good;0;tidak lancar;3/15/2023;1.1E+11;295838;2/4/2023;none,none,none,none;0;0;0;0;4;0.73;60;800000000;9696969697;11442424.24;43;0;sedang berjalan;2;45;low;high;undetected;some problem exist;not include;ada;tidak sesuai;cukup sesuai;cukup sesuai;baik;terdeteksi penjulukkan nama;sangat banyak;cukup terpercaya;3
Elma Dabukke;4;1 rumah, 1 motor;1110000000;900000000;Jl Ragunan 185, Dki Jakarta;8;8;12520;1;0;129.244.42.209;1;usaha_kecil;Perdagangan Eceran Obat Tradisional;47723;dalam perhatian khusus;kurang lancar;tidak lancar;dalam perhatian khusus;dalam perhatian khusus;modal kerja;baru;13739642;0;perawatan wajah, baju, tas;3;Asus Zenfone 6;0;1;2;Bad;1;tidak lancar;3/16/2023;1.1E+11;290686;2/5/2023;diragukan, dalam perhatian khusus, kurang 5, 5;1;3;2;3;4;0.79;65;880000000;10733194.73;12665169.79;46;0;tidak pernah;2;41;low;low;some problem exist;some problem exist;unreadable;ada;tidak sesuai;cukup sesuai;cukup sesuai;cukup baik;terdeteksi penjulukkan nama;tidak banyak;cukup terpercaya;3
Drs. Danang Farida;4;1 rumah, 1 tanah, 1 mobil;3980000000;4000000000;Jl Bendungan Jatiluhur Raya 99, Dki Jakarta;6;9;10210;1;0;221.0.99.26;1;usaha_kecil;Perdagangan Eceran Obat Tradisional untuk Hewan;47728;tidak lancar;tidak lancar;tidak lancar;tidak lancar;tidak lancar;modal kerja;baru;14541965;5;handphone;3;Asus X552XZ;3;2;2;Bad;1;tidak lancar;3/17/2023;1.1E+11;254998;2/6/2023;diragukan, dalam perhatian khusus, 5, none;6;3;2;3;4;0.75;80;3000000000;28266331.66;33354271.36;47;0;tidak pernah;3;40;low;low;undetected;some problem exist;not include;ada;tidak sesuai;tidak sesuai;cukup sesuai;baik;tidak terdeteksi penjulukkan nama;tidak banyak;cukup terpercaya;3
Dewi Uyainah;2;1 rumah, 1 mobil;610000000;230000000;Jl Jatinegara Brt 124, Dki Jakarta;9;18;13320;1;1;196.243.61.75;1;usaha_wholesale;Perdagangan Eceran Pelengkap Pakaian;47713;kurang lancar;lancar;lancar;kurang lancar;kurang lancar;modal kerja;bekas;4373393;0;Makanan, Baju;4;iPhone 12;0;1;3;Normal;1;kurang lancar;3/11/2023;1.1E+21;160402;3/11/2023;kurang 5, kurang 5, 5;1;1;3;4;3;0.64;48;390000000;5194672131;6129713115;19;0;lunas;3;16;medium;low;undetected;real;valid;tidak ada;cukup sesuai;tidak sesuai;sangat sesuai;cukup baik;terdeteksi penjulukkan nama;sangat banyak;kurang terpercaya;1
Dian Yulianti;2;1 rumah, 1 motor;350000000;89000000;Jl Madrasah 14, Dki Jakarta;6;14;12560;1;1;45.67.187.72;1;usaha_besar;Perdagangan Minyak dan Lemak Hewani;46327;lancar;kurang lancar;tidak lancar;tidak lancar;macet;ekspansi bisnis;baru;6505061;1;saham, obligasi;3;Iphone 11 Pro Max;0;1;0;Normal;1;dalam perhatian khusus;3/15/2023;1.1E+21;122688;3/15/2023;5, kurang 5;2;2;2;3;4;0.61;36;215000000;3668650794;4329007937;13;1;sedang berjalan;1;14;medium;low;some problem exist;some problem exist;unreadable;ada;tidak sesuai;cukup sesuai;sangat sesuai;cukup baik;tidak terdeteksi penjulukkan nama;tidak banyak;kurang terpercaya;1
Rahayu Iswahyudi;2;1 mobil, surat berharga;255000000;35000000;Jl Jakarta 141 L, Dki Jakarta;8;5;10730;1;1;197.227.75.83;1;usaha_kecil;Perdagangan Eceran Kosmetik untuk Manusia;47724;macet;lancar;tidak lancar;diragukan;macet;biaya operasional;baru;6816040;5;hadiah ulang tahun;0;Samsung Galaxy Fold;0;1;3;Normal;0;macet;none;0;0;none;none;0;0;0;0;4;0.63;24;160000000;4183006536;4935947712;15;2;sedang berjalan;3;17;medium;high;not real;not real;fraud;ada;tidak sesuai;tidak sesuai;tidak sesuai;cukup baik;tidak terdeteksi penjulukkan nama;tidak banyak;cukup terpercaya;1
Heryanto Simanjuntak, S.Gz;2;1 mobil, tabungan;175000000;21000000;Jl Boulevard Brt Raya Kompl Plaza Pasifik Bl B-2/29, Dki Jakarta;15;1;14240;1;1;35.172.202.8;1;usaha_kecil;Perdagagan Eceran Tas, Dompet, Koper, Ransel, dan Sejenisnya;47714;lancar;lancar;kurang lancar;tidak lancar;kurang lancar;modal kerja;baru;4568122;0;Kebutuhan Bulanan;0;iPhone 12 Pro;0;1;1;Normal;0;diragukan;none;0;0;none;none;0;0;0;0;0;0.66;30;115000000;2519047619;2972476.19;17;4;sedang berjalan;1;15;low;low;some problem exist;undetected;unreadable;tidak ada;cukup sesuai;cukup sesuai;tidak sesuai;tidak baik;terdeteksi penjulukkan nama;tidak banyak;kurang terpercaya;1
Artawan Purnawati;2;1 mobil, 1 motor, tabungan;295000000;34000000;Jl Raya Bekasi Km 26/99, Dki Jakarta;7;11;13960;2;0;12.67.209.1;1;usaha_menengah;Perdagangan Eceran Khusus Alat Tulis dan Hasil Pencetakkan dan Penerbitan di Toko (Toko Peralatan Seni);4761;lancar;lancar;kurang lancar;tidak lancar;tidak lancar;ekspansi bisnis;baru;5117298;4;kompor, kulkas;3;Lava Blaze 5G 6GB RAM;0;1;3;Normal;1;kurang lancar;3/7/2023;1.1E+21;196971;3/7/2023;kurang 5, kurang 5, 5, 5;5;2;2;3;3;0.61;28;180000000;3922518.16;4628571429;14;1;lunas;3;13;low;medium;not real;not real;fraud;ada;tidak sesuai;tidak sesuai;tidak sesuai;tidak baik;tidak terdeteksi penjulukkan nama;cukup banyak;kurang terpercaya;1
drg. Artawan Rahmawati, M.Kom.;2;surat berharga, tabungan;250000000;27000000;Jl Batu Ceper 12 A-2, Dki Jakarta;8;3;10120;1;1;83.33.204.237;1;usaha kecil;Perdagangan Eceran Barang Pecah Belah dan Perlengkapan Dapur dari Kayu, Bambu atau Rotan;47595;lancar;lancar;kurang lancar;tidak lancar;tidak lancar;ekspansi bisnis;bekas;4783481;0;Kebutuhan sehari-hari;4;OnePlus 11 256GB;0;1;0;Normal;1;kurang lancar;3/6/2023;1.1E+21;139485;3/6/2023;5, kurang 5, kurang 5;1;1;3;4;4;0.68;30;170000000;3853333333;4546933333;19;3;sedang berjalan;3;17;low;medium;not real;not real;fraud;ada;tidak sesuai;tidak sesuai;tidak sesuai;tidak baik;tidak terdeteksi penjulukkan nama;cukup banyak;kurang terpercaya;1
R. Chelsea Sihotang;2;1 rumah, surat berharga;370000000;121000000;Jl Alaydrus 42, Dki Jakarta;19;8;10130;1;1;19.18.159.111;1;usaha_besar;Perdagangan Besar Mesin, Peralatan dan Perlengkapan Pertanian;4653;lancar;lancar;kurang lancar;tidak lancar;tidak lancar;biaya operasional;baru;4569748;0;Perawatan diri, baju;4;iQOO Neo 7 256GB;0;1;3;Normal;1;diragukan;3/13/2023;1.1E+21;106963;3/13/2023;5, kurang 5, kurang 5;1;1;3;4;3;0.62;40;230000000;3574324324;4217702703;15;1;sedang berjalan;3;18;low;medium;not real;not real;fraud;ada;tidak sesuai;tidak sesuai;tidak sesuai;tidak baik;tidak terdeteksi penjulukkan nama;cukup banyak;kurang terpercaya;1
Cawisono Mayasari;3;1 rumah, 1 motor, tabungan;530000000;230000000; Cideng, Gambir, Jakarta Pusat;17;19;10150;1;1;17151188145;1;usaha_besar;Perdagangan Besar Peralatan Telekomunikasi;46523;lancar;lancar;kurang lancar;tidak lancar;tidak lancar;biaya operasional;baru;6512588;1;saham, obligasi;4;Tecno Pop 7 Pro;0;1;1;Normal;1;tidak lancar;3/17/2023;1.1E+21;193921;3/17/2023;5, kurang 5, kurang 5;2;2;2;4;3;0.61;48;325000000;4151926101;4899272799;16;4;lunas;1;18;low;high;real;real;valid;tidak ada;cukup sesuai;sangat sesuai;cukup sesuai;cukup baik;terdeteksi penjulukkan nama;cukup banyak;kurang terpercaya;1
Wirda Fujiati;3;1 mobil, 1 motor, tabungan, surat berharga;400000000;180000000;Jl Cawang III 5 RT 005/05, Dki Jakarta;13;12;13630;1;1;78.70.236.50;1;usaha_menengah;Perdagangan Besar Bahan Kontruksi Dari Porselen;46635;lancar;lancar;kurang lancar;tidak lancar;tidak lancar;biaya operasional;baru;6536687;6;biaya operasional;4;Moto E13 4GB RAM;0;1;3;Normal;1;macet;3/21/2023;1.1E+21;138856;3/21/2023;kurang 5, kurang 5, kurang 5, dalam perhatian khusus;7;2;2;4;2;0.63;35;250000000;4464285714;5267857143;20;3;sedang berjalan;1;17;low;medium;not real;not real;fraud;ada;tidak sesuai;tidak sesuai;tidak sesuai;tidak baik;tidak terdeteksi penjulukkan nama;cukup banyak;kurang terpercaya;1
drg. Cornelia Melani, M.M.;3;1 rumah, 1 mobil, 1 motor;730000000;380000000;Jl Medan Merdeka Brt 3, Dki Jakarta;18;11;10110;1;1;202.47.151.245;1;usaha_besar;Perdagangan Besar Disket, Flash Drive, Pita Audio dan Video, CD, dan DVD Kosong;46522;lancar;lancar;kurang lancar;tidak lancar;macet;modal kerja;baru;5653382;6;mesin, komputer, alat;4;Samsung Galaxy S23 Ultra 5G 1TB;0;1;0;Normal;1;dalam perhatian khusus;3/21/2023;1.1E+21;118169;3/21/2023;kurang 5, kurang 5, 5, kurang 5;7;2;2;4;3;0.67;64;490000000;5139126712;6064169521;14;0;lunas;3;16;low;medium;not real;not real;unreadable;ada;sangat sesuai;tidak sesuai;tidak sesuai;tidak baik;terdeteksi penjulukkan nama;cukup banyak;kurang terpercaya;1
dr. Kenari Yuniar, S.E.I;2;1 rumah, 1 mobil;670000000;290000000;Jl Bumi Pusaka Cinere, Dki Jakarta;2;10;16512;1;1;35.192.88.32;1;usaha kecil;Perdagangan Eceran Berbagai Macam Barang yang Utamanya Makanan, Minuman, atau Tembakau Bukan di Minimarket atau Supermarket atau Hypermat (Tradisional, Warung, Toko Kelontong, dan Kios);47122;lancar;lancar;kurang lancar;tidak lancar;diragukan;modal kerja;baru;4684409;0;Makanan, Baju;4;vivo V27 Pro 256GB;0;1;3;Normal;1;kurang lancar;3/25/2023;0;174553;3/25/2023;5, kurang 5, kurang 5, 5;1;1;3;4;4;0.64;56;430000000;4928038.38;5815085288;18;1;sedang berjalan;3;16;low;medium;not real;not real;fraud;ada;tidak sesuai;tidak sesuai;tidak sesuai;tidak baik;tidak terdeteksi penjulukkan nama;cukup banyak;kurang terpercaya;1
Wadi Setiawan;2;1 rumah, 1 motor;550000000;240000000;Jl Pusdiklat Depnaker, Dki Jakarta;14;17;13570;1;1;223.200.61.192;1;usaha_besar;Suku Cadang Elektronik;46521;kurang lancar;kurang lancar;macet;tidak lancar;diragukan;modal kerja;baru;4111464;0;Kebutuhan sehari-hari;4;POCO C55 128GB;0;1;1;Normal;1;dalam perhatian khusus;3/27/2023;1.1E+21;148660;3/27/2023;5, kurang 5, kurang 5, 5;1;1;3;4;4;0.62;48;340000000;4378787879;5166969697;16;2;tidak pernah;1;16;low;low;some problem exist;not real;fraud;ada;cukup sesuai;tidak sesuai;tidak sesuai;tidak baik;terdeteksi penjulukkan nama;cukup banyak;kurang terpercaya;1
Teddy Hariyah;2;1 mobil, surat berharga;285000000;50000000; Ruko Mega Grosir Cempaka Mas Bl K/53, Dki Jakarta;16;12;10640;1;1;50.153.1.173;1;usaha_kecil;Perdagangan Eceran Minyak Pemulas di Toko;47303;kurang lancar;lancar;kurang lancar;tidak lancar;kurang lancar;modal kerja;baru;4949209;0;Perawatan diri, baju;3;Itel A60;0;1;3;Normal;1;kurang lancar;1/29/2023;1.1E+21;103488;1/29/2023;5, kurang 5, kurang 5, 5;1;2;2;3;3;0.6;50;170000000;2028070175;2393122807;19;4;lunas;3;14;medium;medium;some problem exist;some problem exist;unreadable;tidak ada;cukup sesuai;cukup sesuai;tidak sesuai;cukup baik;tidak terdeteksi penjulukkan nama;cukup banyak;cukup terpercaya;1
Asmadi Pradipta, S.Psi;2;1 mobil, tabungan;230000000;29000000;Mal Ciputra UG/26, Dki Jakarta;19;15;11470;2;0;49.101.193.15;1;usaha_besar;Perdagangan Besar Alat Transportasi Laut, Suku Cadang, dan Perlengkapannya;46592;macet;tidak lancar;tidak lancar;macet;diragukan;ekspansi bisnis;baru;4275940;0;Kebutuhan Bulanan;3;Tecno Pop 7 Pro 3 GB RAM;0;1;1;Normal;1;macet;1/20/2023;1.1E+21;150840;1/20/2023;5, kurang 5, kurang 5, 5;1;2;2;3;2;0.67;48;155000000;2176177536;2567889493;18;1;lunas;3;13;medium;medium;not real;some problem exist;fraud;ada;tidak sesuai;cukup sesuai;cukup sesuai;cukup baik;tidak terdeteksi penjulukkan nama;tidak banyak;cukup terpercaya;1
Naradi Natsir;3;tabungan, 1 motor;98000000;15000000;Jl Panglima Polim Raya 11 B, Dki Jakarta;4;5;12160;2;0;156.105.178.55;1;usaha menegah;Perdagangan Eceran Khusus Tekstil di Toko;4751;kurang lancar;lancar;kurang lancar;tidak lancar;kurang lancar;modal kerja;baru;5860881;1;saham, obligasi;4;Oppo Find N2 Flip;0;1;3;Good;1;diragukan;3/3/2023;1.1E+21;275000;3/7/2023;5, kurang 5, dalam perhatian khusus, dalam perhatian khusus;2;3;1;4;3;0.7;30;69000000;1619387755;1910877551;26;4;sedang berjalan;1;33;medium;medium;undetected;some problem exist;not include;tidak ada;tidak sesuai;cukup sesuai;sangat sesuai;baik;terdeteksi penjulukkan nama;sangat banyak;sangat terpercaya;2
Faizah Mandasari;3;tabungan, 1 motor;86000000;27000000;Jl Majapahit 31/21, Dki Jakarta;1;2;10160;1;1;152.242.70.24;1;usaha_menengah;Perdagangan Eceran Bahan Konstruksi dari Kayu;47526;diragukan;lancar;lancar;tidak lancar;diragukan;modal usaha;baru;4975312;0;Makanan, Baju;4;OnePlus 11R;0;1;0;Bad;1;dalam perhatian khusus;3/5/2023;1.1E+21;257121;3/11/2023;5, dalam perhatian khusus, kurang 5;1;2;2;4;4;0.76;30;65000000;1637596899;1932364341;28;1;lunas;3;29;high;low;not real;not real;expired;ada;tidak sesuai;tidak sesuai;cukup sesuai;tidak baik;terdeteksi penjulukkan nama;cukup banyak;cukup terpercaya;2
Maria Suwarno;3;1 mobil, tabungan;115000000;23000000;Jl Padang Panjang 1, Dki Jakarta;2;6;12970;1;1;167.100.7.248;1;usaha_menengah;Perdagangan Eceran cat, Pernis, dan Lak;47527;diragukan;lancar;lancar;tidak lancar;diragukan;modal usaha;baru;4811229;0;Kebutuhan sehari-hari;4;vivo V27 Pro;0;1;3;Normal;1;kurang lancar;3/8/2023;1.1E+21;239028;3/12/2023;5, kurang 5, dalam perhatian khusus;1;2;2;4;3;0.73;36;84000000;1704347826;2011130435;27;1;tidak pernah;2;33;low;medium;not real;not real;fraud;ada;tidak sesuai;tidak sesuai;tidak sesuai;tidak baik;tidak terdeteksi penjulukkan nama;cukup banyak;kurang terpercaya;2
Paulin Yuniar;3;1 mobil, 1 motor, tabungan;198000000;15648956;Jl Jembatan III 4 D, Dki Jakarta;8;1;14440;1;0;68.26.135.254;1;usaha_kecil;Perdagangan Eceran Peralatan Listrik Rumah Tangga dan Peralatan Penerangan dan Perlengkapannya;47592;diragukan;lancar;lancar;tidak lancar;diragukan;modal usaha;baru;4214979;0;Perawatan diri, baju;0;OnePlus 11;0;1;1;Bad;0;tidak lancar;none;0;0;None;None;0;0;0;0;3;0.76;48;150000000;2367424242;2793560606;27;0;sedang berjalan;3;31;low;low;real;undetected;valid;tidak ada;sangat sesuai;cukup sesuai;sangat sesuai;baik;tidak terdeteksi penjulukkan nama;tidak banyak;sangat terpercaya;2
T. Joko Laksmiwati, M.Farm;3;1 mobil, 1 surat berharga;139000000;48123902;Jl Rawa Gelam V Bl C/14, Dki Jakarta;1;8;13930;1;0;82.74.81.195;1;usaha_besar;Perdagangan Besar Logam dan Bijih Logam;4662;tidak lancar;tidak lancar;tidak lancar;tidak lancar;kurang lancar;modal usaha;baru;4748375;0;Kebutuhan Bulanan;4;Samsung Galaxy S23 Ultra 5G;0;1;0;Normal;1;macet;3/14/2023;1.1E+21;302046;3/17/2023;dalam perhatian khusus, kurang 5, 5, dalam perhatian khusus;1;2;2;4;4;0.72;38;100000000;1893222264;2234002272;31;1;sedang berjalan;1;25;low;medium;undetected;not real;fraud;ada;tidak sesuai;tidak sesuai;cukup sesuai;tidak baik;terdeteksi penjulukkan nama;cukup banyak;kurang terpercaya;2
Nrima Mustofa;3;1 mobil, tabungan;114500000;5484509;Jl Warakas Raya 41, Dki Jakarta;2;2;14340;1;0;148.57.45.169;1;usaha_kecil;Perdagangan Eceran Perlengkapan Listrik (Toko Kecil);47862;lancar;kurang lancar;tidak lancar;tidak lancar;tidak lancar;modal usaha;baru;5859450;1;Reksa dana, obligasi;4;POCO X5 Pro;0;1;3;Good;1;tidak lancar;3/15/2023;1.1E+21;331022;3/18/2023;5, dalam perhatian khusus;2;2;2;4;4;0.79;24;90000000;2947598253;3478165939;34;4;sedang berjalan;2;33;medium;low;undetected;some problem exist;expired;ada;tidak sesuai;cukup sesuai;cukup sesuai;baik;terdeteksi penjulukkan nama;cukup banyak;kurang terpercaya;2
Sutan Mariadi Yuniar;4;1 rumah, 1 motor;364000000;6932503;Jl Matraman Raya 200, Dki Jakarta;4;6;13320;1;0;5.98.18.99;1;usaha_kecil;Perdagangan Eceran Los Pasar Keperluan Pengendara Sepeda Motor;47855;kurang lancar;lancar;tidak lancar;tidak lancar;kurang lancar;ekspansi bisnis;baru;7813653;1;Saham, Reksa dana, obligasi;0;vivo Y100;0;1;3;Good;0;tidak lancar;none;0;0;None;None;0;0;0;0;4;0.77;48;280000000;4487179487;5294871795;33;0;lunas;0;31;medium;medium;real;undetected;unreadable;ada;cukup sesuai;tidak sesuai;tidak sesuai;cukup baik;tidak terdeteksi penjulukkan nama;cukup banyak;kurang terpercaya;2
drg. Gabriella Lazuardi, M.Farm;4;1 rumah, 1 motor, 1 surat berharga;440000000;16615698;Jl Prof Dr Latumeten Kompl Grogol Permai Bl G/27, Dki Jakarta;12;13;11460;1;0;27.132.90.64;1;usaha_wholesale;Perdagangan Los Pasar Jam Tangan;47853;tidak lancar;tidak lancar;lancar;lancar;tidak lancar;ekspansi bisnis;baru;9870792;6;Infrastruktur teknologi;4;Xiaomi 13 Pro;0;1;1;Normal;1;tidak lancar;3/19/2023;1.1E+21;294134;3/22/2023;dalam perhatian khusus, 5, kurang 5, 5;7;2;2;4;3;0.75;48;330000000;5156250;6084375;34;4;sedang berjalan;2;31;high;high;undetected;some problem exist;fraud;ada;cukup sesuai;tidak sesuai;cukup sesuai;baik;tidak terdeteksi penjulukkan nama;sangat banyak;kurang terpercaya;2
Tugiman Gunawan;4;1 rumah, tabungan;390000000;25908796; Jl Radio Dlm Raya 5-7, Dki Jakarta;11;17;12140;2;0;2.18E+11;1;usaha_menengah;Perdagangan Eceran Furnitur;47591;tidak lancar;lancar;tidak lancar;tidak lancar;tidak lancar;ekspansi bisnis;baru;7992895;6;Pemasaran;3;Oppo Reno8 T 5G;0;1;1;Normal;0;tidak lancar;3/21/2023;1.1E+21;318946;3/25/2023;5, dalam perhatian khusus;7;3;1;3;3;0.77;38;300000000;6072874494;7165991903;34;3;sedang berjalan;0;36;high;high;some problem exist;undetected;unreadable;ada;tidak sesuai;tidak sesuai;tidak sesuai;cukup baik;terdeteksi penjulukkan nama;cukup banyak;cukup terpercaya;2
Dr. Johan Sudiati, S.Kom;4;1 rumah, 1 mobil, tabungan;405000000;20682458;Psr Tanah Abang Bl C-1 Los LKS/11, Dki Jakarta;10;6;10250;2;0;208.193.6.103;1;usaha_kecil;Perdagangan Eceran Alat Permainan dan Mainan Anak-Anak (di Toko);47640;lancar;tidak lancar;macet;macet;tidak lancar;modal kerja;baru;7775484;1;Saham, Reksa dana, obligasi;3;vivo Y56;0;1;3;Good;1;macet;3/24/2023;1.1E+21;228285;3/29/2023;5, kurang 5, dalam perhatian khusus;2;3;1;3;4;0.74;40;300000000;5555555556;6555555556;26;2;sedang berjalan;3;32;high;high;some problem exist;some problem exist;expired;ada;sangat sesuai;tidak sesuai;tidak sesuai;baik;tidak terdeteksi penjulukkan nama;cukup banyak;cukup terpercaya;2
Zahra Maulana, S.T.;3;1 mobil, tabungan;131249012;49642547;Jl Swasem1a Brt 11/47, Dki Jakarta;13;16;14320;1;1;148.166.110.78;1;usaha_menengah;Perdagangan Eceran Kertas Karton dan Barang Dari Kertas Karton;4765;kurang lancar;kurang lancar;tidak lancar;macet;tidak lancar;modal kerja;baru;4687937;0;Makanan, Baju;0;Moto E13;0;1;1;Normal;0;tidak lancar;none;0;0;None;None;0;0;0;0;0;0.76;48;100000000;1587313536;1873029972;25;4;sedang berjalan;1;27;low;high;undetected;some problem exist;unreadable;ada;sangat sesuai;tidak sesuai;tidak sesuai;cukup baik;tidak terdeteksi penjulukkan nama;sangat banyak;kurang terpercaya;2
Alika Anggraini;3;1 mobil, 1 motor, tabungan;150450838;29322776;Jl Letjen South Parman, Jakarta;3;1;11440;1;1;71.5.249.83;1;usaha_kecil;Perdagangan Eceran Alat Tulis Menulis dan Gambar;47611;kurang lancar;lancar;dalam perhatian khusus;tidak lancar;tidak lancar;modal kerja;bekas;4774464;0;Kebutuhan sehari-hari;0;Nokia X30 5G;0;1;0;Bad;0;diragukan;none;0;0;None;None;0;0;0;0;0;0.73;48;110000000;1675519636;1977113171;27;1;tidak pernah;1;27;low;high;undetected;some problem exist;expired;ada;tidak sesuai;tidak sesuai;cukup sesuai;baik;terdeteksi penjulukkan nama;sangat banyak;kurang terpercaya;2
Keisha Latupono;3;1 mobil, 1 surat berharga;129279673;24848648;Jl Jend Sudirman Kav 70-71 Wisma Indosement, Dki Jakarta;15;3;12910;1;1;14.59.94.237;1;usaha_kecil;Perdagangan Eceran Khusus Rekaman Musik dan Video di Toko;4762;kurang lancar;lancar;dalam perhatian khusus;tidak lancar;tidak lancar;modal kerja;bekas;5233220;1;Saham, Reksa dana, obligasi;3;Iphone X Max;1;3;3;Good;1;diragukan;1/6/2023;1.1E+21;342845;1/13/2023;dalam perhatian khusus, dalam perhatian khusus, dalam perhatian khusus;2;2;2;3;4;0.73;24;95000000;2908745497;3432319686;35;3;sedang berjalan;2;30;low;high;undetected;some problem exist;expired;ada;tidak sesuai;tidak sesuai;cukup sesuai;tidak baik;tidak terdeteksi penjulukkan nama;sangat banyak;cukup terpercaya;2
R. Ina Agustina, S.Pt;3;1 mobil, tabungan;102652035;5931764;Jl Mandala Raya 19, Dki Jakarta;5;1;11440;2;0;1.84E+11;1;usaha_menengah;Perdagangan Eceran Khusus Rekaman Musik dan Video di Toko;47620;tidak lancar;kurang lancar;tidak lancar;lancar;macet;ekspansi bisnis;baru;4478565;0;Perawatan diri, baju;3;Iphone 11;1;3;0;Normal;1;macet;1/8/2023;1.1E+21;289570;1/16/2023;dalam perhatian khusus, 5;1;3;1;3;3;0.78;36;80000000;1731848548;2043581287;29;0;sedang berjalan;3;29;low;high;undetected;some problem exist;expired;ada;tidak sesuai;tidak sesuai;cukup sesuai;cukup baik;tidak terdeteksi penjulukkan nama;sangat banyak;kurang terpercaya;2
Rangga Namaga;4;1 rumah, 1 mobil;1075000000;95500000;Jalan Syekh Bayanillah No. 72 Blok Kaliandul;4;2;45154;1;1;5.180.25.36;1;usaha_menengah;Perdagangan Eceran Khusus Peralatan Olahraga di Toko;47630;diragukan;tidak lancar;diragukan;dalam perhatian khusus;kurang lancar;biaya operasional;baru;9000000;0;Skincare, Baju, Tas;0;Iphone 11 Pro Max;1;3;3;Good;0;dalam perhatian khusus;none;0;0;None;None;0;0;0;0;4;0.53;12;570000000;25186046.51;29719534.88;3;3;sedang berjalan;3;7;low;high;undetected;some problem exist;expired;ada;tidak sesuai;tidak sesuai;cukup sesuai;baik;tidak terdeteksi penjulukkan nama;sedikit banyak;cukup terpercaya;0
Cut Talia Saptono;4;1 rumah, 1 motor;550000000;33500000;Pondok Cibubur F4 No. 3;3;8;16452;1;1;139.20.3.19;1;usaha_menengah;Perdagangan Eceran Kertas, Kertas Karton, dan Barang Dari Kertas atau Karton;47650;kurang lancar;kurang lancar;tidak lancar;tidak lancar;tidak lancar;ekspansi bisnis;bekas;4330000;4;AC, Vacuum cleaner;4;Samsung Galaxy Flip 4;0;1;0;Normal;1;tidak lancar;1/16/2023;1.1E+21;250000;1/28/2023;5, none, none;2;1;3;4;3;0.55;15;300000000;10909090.91;12872727.27;5;4;lunas;1;11;low;high;undetected;some problem exist;expired;ada;tidak sesuai;tidak sesuai;cukup sesuai;cukup baik;terdeteksi penjulukkan nama;sangat banyak;kurang terpercaya;0
Tgk. Lamar Sihotang;4;1 rumah, 1 mobil, 1 motor;1540000000;260000000;Pondok Indah Estate;1;1;12310;1;0;199.84.151.159;1;usaha_wholesale;Perdagangan Eceran Sepatu, Sandal, dan Alas Kaki Lainnya;47712;tidak lancar;lancar;tidak lancar;diragukan;diragukan;biaya operasional;baru;14000000;6;mesin, komputer;5;Iphone 14 Pro;1;3;3;Good;1;kurang lancar;2/1/2023;1.01E+15;175000;2/5/2023;5, none, none;7;1;3;5;3;0.51;12;785000000;33345508.66;39347700.22;2;1;sedang berjalan;3;6;low;high;undetected;some problem exist;expired;ada;tidak sesuai;tidak sesuai;cukup sesuai;tidak baik;tidak terdeteksi penjulukkan nama;cukup banyak;cukup terpercaya;0
Eva Zulkarnain;4;1 rumah, 2 mobil, 1 motor;2450000000;477000000;Menteng Park Residence;1;1;10310;1;0;170.41.51.152;1;usaha_kecil;Perdagangan Eceran Barang dan Obat Farmasi untuk Manusia Bukan di Apotik;47722;kurang lancar;lancar;lancar;macet;macet;ekspansi bisnis;baru;27000000;1;Saham;5;Iphone 14 Pro;1;3;4;Good;1;macet;2/5/2023;1.01E+15;125000;2/4/2023;5, 5, none;2;1;3;5;4;0.51;11;1250000000;57977736.55;68413729.13;3;4;lunas;1;3;low;high;undetected;some problem exist;expired;ada;tidak sesuai;tidak sesuai;cukup sesuai;baik;tidak terdeteksi penjulukkan nama;tidak banyak;kurang terpercaya;0
Harto Hutapea;4;1 rumah, 1 mobil;1110000000;333000000;Kemang Village;12;2;12730;1;0;2.06E+11;1;usaha_wholesale;Perdagangan Eceran Alat Laboratorium, Alat Farmasi dan Alat Kesehatan untuk Manusia;47725;macet;lancar;lancar;diragukan;dalam perhatian khusus;ekspansi bisnis;baru;15000000;4;Kebutuhan bulanan;5;Iphone 12;1;3;3;Good;1;kurang lancar;1/18/2023;1.01E+17;150000;1/25/2023;5, none, none;7;1;3;5;3;0.5;11;560000000;25683865.68;30306961.51;3;4;sedang berjalan;3;4;low;high;undetected;some problem exist;expired;ada;tidak sesuai;tidak sesuai;cukup sesuai;cukup baik;terdeteksi penjulukkan nama;tidak banyak;cukup terpercaya;0
Calista Siregar;4;1 rumah, 2 mobil;2200000000;456000000;Pantai Indah Kapuk;2;3;14470;1;0;199.91.17.107;1;usaha_menengah;Perdagangan Eceran Barang dan Obat Farmasi untuk Hewan di Apotik dan Bukan di Apotik;47726;diragukan;lancar;lancar;tidak lancar;macet;ekspansi bisnis;baru;18000000;1;Obligasi;5;Iphone 13 Pro;1;3;1;Good;1;tidak lancar;1/20/2023;1.01E+17;125000;1/23/2023;5, none, none;2;1;3;5;4;0.55;10;1200000000;65454545.45;77236363.64;4;1;sedang berjalan;3;3;low;high;undetected;some problem exist;expired;ada;tidak sesuai;tidak sesuai;cukup sesuai;baik;tidak terdeteksi penjulukkan nama;cukup banyak;kurang terpercaya;0
Adinata Gunawan;4;1 rumah, 1 tanah, 2 mobil;4360000000;987500000;Green Lake City;5;9;15147;1;0;1.28E+11;1;usaha_kecil;Perdagangan Eceran Obat Tradisional Untuk Hewan;47727;diragukan;lancar;kurang lancar;tidak lancar;macet;modal usaha;baru;34000000;6;mesin, komputer, pemasaran;5;Samsung Galaxy S22 Plus;0;1;4;Good;1;macet;1/24/2023;1.01E+17;100000;1/27/2023;5, 5, none;7;1;3;5;3;0.54;10;2360000000;127743119.3;150736880.7;5;4;lunas;3;6;low;low;some problem exist;some problem exist;unreadable;ada;cukup sesuai;tidak sesuai;tidak sesuai;baik;tidak terdeteksi penjulukkan nama;cukup banyak;cukup terpercaya;0
Ani Dabukke, S.E.;4;1 rumah, 1 tanah, 1 mobil;3980000000;879000000;Darmawangsa Residence;4;4;12160;1;0;198.12.108.62;1;usaha_besar;Perdagangan Eceran Barang dan Obat Farmasi, Alat Kedokteran;47729;tidak lancar;tidak lancar;tidak lancar;macet;tidak lancar;ekspansi bisnis;baru;29000000;2;Kamera, Proyektor, Printer, Scanner;5;Iphone 13 Mini;1;3;4;Good;1;macet;2/4/2023;1.01E+17;75000;2/9/2023;5, 5, none;7;1;3;5;3;0.53;11;2100000000;100730927.4;118862494.3;4;4;sedang berjalan;1;5;high;high;real;some problem exist;unreadable;ada;sangat sesuai;tidak sesuai;tidak sesuai;cukup baik;tidak terdeteksi penjulukkan nama;sangat banyak;cukup terpercaya;0
Cut Kiandra Haryanti, S.E.;4;1 mobil, 1 tanah;450000000;0;Pakubuwono Residence,;4;4;12240;1;0;192.86.7.154;1;usaha_menengah;Perdagangan Eceran Alat-Alat Optik dan Perlengkapannya;47732;diragukan;lancar;kurang lancar;tidak lancar;tidak lancar;ekspansi bisnis;baru;5000000;0;makan, skincare;0;Iphone 11;1;3;3;Good;0;tidak lancar;none;0;0;none;none;0;0;0;0;0;0.56;36;250000000;3858024691;4552469136;2;3;sedang berjalan;1;3;high;medium;some problem exist;undetected;expired;ada;sangat sesuai;tidak sesuai;cukup sesuai;baik;tidak terdeteksi penjulukkan nama;sangat banyak;cukup terpercaya;0
Zulaikha Utami, S.Ked;4;1 rumah, 1 motor;475000000;0;Casa Grande Residence;11;9;12870;1;0;54.139.22.230;1;usaha_menengah;Perdagangan Eceran Pembungkus Dari Plastik;47737;tidak lancar;lancar;kurang lancar;tidak lancar;tidak lancar;ekspansi bisnis;baru;7000000;0;pakaian, produk kecantikan;0;Iphone 11 Pro;1;3;0;Good;0;tidak lancar;none;0;0;none;none;0;0;0;0;1;0.55;24;260000000;5929824561;6997192982;4;3;lunas;3;4;high;medium;undetected;some problem exist;expired;ada;cukup sesuai;tidak sesuai;cukup sesuai;cukup baik;tidak terdeteksi penjulukkan nama;cukup banyak;cukup terpercaya;0
Uda Yulianti;4;1 rumah, 2 mobil, 1 motor;3857000000;398000000;Gandaria Heights;2;2;12130;1;0;135.84.77.223;1;usaha_wholesale;Perdagangan Eceran Barang Perlengkapan Prbadi Bekas;47743;tidak lancar;lancar;kurang lancar;tidak lancar;macet;modal usaha;bekas;21318228;1;Saham, Obligasi, Reksa Dana;5;Iphone 14 Pro;1;3;1;Good;1;macet;2/1/2023;1,00E+12;50000;2/5/2023;5, 5, none;2;1;3;5;4;0.57;30;2200000000;41828709.71;49357877.45;3;4;lunas;3;2;high;high;undetected;some problem exist;unreadable;ada;sangat sesuai;sangat sesuai;tidak sesuai;baik;tidak terdeteksi penjulukkan nama;sangat banyak;kurang terpercaya;0
Umar Simanjuntak;4;1 rumah, 1 mobil, 1 tanah;5350000000;960000000;Plaza Senayan Residence;1;3;10270;1;0;75.162.154.53;1;usaha_wholesale;Perdagangan Eceran Barang Listrik dan Elektronik Bekas;47744;kurang lancar;kurang lancar;tidak lancar;tidak lancar;macet;modal usaha;bekas;25435416;6; mesin produksi,  bahan baku;5;Iphone 14;1;3;3;Good;1;tidak lancar;2/6/2023;1.01E+17;75000;011/02/2023;5, 5, 5;7;1;3;5;3;0.52;36;2800000000;40706126.69;48033229.49;7;1;sedang berjalan;1;7;high;high;some problem exist;undetected;expired;ada;sangat sesuai;sangat sesuai;tidak sesuai;cukup baik;tidak terdeteksi penjulukkan nama;cukup banyak;kurang terpercaya;0
Intan Wacana, M.Ak;4;1 rumah, 2 mobil;3597000000;359000000;Thamrin Residence;10;9;10230;1;0;222.13.127.148;1;usaha_besar;Perdagangan Eceran Hewan Piaraan (Pet Animals);47751;tidak lancar;tidak lancar;tidak lancar;tidak lancar;tidak lancar;modal usaha;baru;29078199;1;Saham, Obligasi, Reksa Dana;5;iPhone 13 Pro;1;3;1;Good;1;tidak lancar;1/20/2023;100000000;25000;1/24/2023;5, 5, none;2;1;3;5;4;0.5;20;1800000000;45037531.28;53144286.91;5;4;lunas;3;6;medium;medium;some problem exist;some problem exist;unreadable;ada;tidak sesuai;cukup sesuai;cukup sesuai;cukup baik;tidak terdeteksi penjulukkan nama;cukup banyak;cukup terpercaya;0
Zulaikha Pangestu;4;1 rumah, 1 mobil, 2 motor;3150000000;257000000;Permata Hijau Residence;1;1;12220;1;0;74170161151;1;usaha_wholesale;Perdagangan Eceran Pakan Ternak dan Hewan Piaraan;47754;macet;macet;tidak lancar;tidak lancar;macet;ekspansi bisnis;baru;24886684;6;meja, kursi, komputer, printer;5;iPhone 13;1;3;3;Good;1;macet;1/15/2023;1,00E+12;50000;1/26/2023;5, 5, 5;7;1;3;5;3;0.51;38;1600000000;21386800.33;25236424.39;6;4;lunas;3;5;medium;high;some problem exist;undetected;expired;ada;sangat sesuai;cukup sesuai;cukup sesuai;baik;tidak terdeteksi penjulukkan nama;sangat banyak;kurang terpercaya;0
Vanya Situmorang;4;1 rumah, 1 mobil, 1 tanah, 1 motor;5500000000;998000000;Bellagio Mansion;1;5;12950;1;0;131.3.80.52;1;usaha_wholesale;Perdagangan Eceran Tanaman dan Bibit Tanaman;47762;tidak lancar;tidak lancar;tidak lancar;tidak lancar;macet;ekspansi bisnis;baru;28979309;1;Saham, Obligasi, Reksa Dana;5;iPhone 14;1;3;1;Good;1;tidak lancar;1/1/2003;1.01E+17;75000;1/6/2003;5, 5, none;2;1;3;5;4;0.5;24;2750000000;57291666.67;67604166.67;6;1;lunas;1;8;medium;medium;some problem exist;undetected;unreadable;ada;cukup sesuai;sangat sesuai;cukup sesuai;baik;tidak terdeteksi penjulukkan nama;cukup banyak;kurang terpercaya;0
Junedin;4;1 rumah, 1 mobil, 1 tanah, 2 motor;5000000000;111998000;Pakuwon Residence;1;5;44117;1;0;121.2.80.52;1;usaha_wholesale;Perdagangan Eceran Pupuk dan Pemberantas Hama;47763;tidak lancar;tidak lancar;tidak lancar;tidak lancar;macet;ekspansi bisnis;baru;28979309;1;Saham, Obligasi, Reksa Dana;5;iPhone 14;1;3;1;Good;1;tidak lancar;1/1/2003;1.01E+17;75000;1/6/2003;5, 5, none;2;1;3;5;4;0.5;24;2750000000;57291666.67;67604166.67;6;1;lunas;1;8;medium;medium;some problem exist;undetected;unreadable;ada;cukup sesuai;sangat sesuai;cukup sesuai;baik;tidak terdeteksi penjulukkan nama;cukup banyak;kurang terpercaya;0
